Wall time,Step,Value
1610873847.4589696,1,17.634002685546875
1610874921.5640678,2,29.682003021240234
1610876024.5112424,3,39.501991271972656
1610877122.013751,4,42.52600860595703
1610878203.047026,5,45.71199417114258
1610879294.9740849,6,60.70001220703125
1610880407.0182538,7,61.70600509643555
1610881507.2283816,8,62.69199752807617
1610882616.0012763,9,62.72999954223633
1610883717.422639,10,61.64801788330078
1610884813.7195368,11,65.90798950195312
1610885920.808397,12,66.18998718261719
1610887031.5804875,13,66.36598205566406
1610888146.4394038,14,66.656005859375
